c#,cname,period,credit,teacher
MV-01,内燃机设计,56,3.5,左正兴
DA-01,专业设计（6）商业空间设计,48,3,庄虹
AS-01,航天器系统与仿真,48,3,朱圣英
AS-02,板壳理论基础,32,2,朱睿
MA-01,数学分析C2,112,7,朱国庆
MA-02,数值计算方法,48,3,朱国庆
CE-01,化学工艺学,32,2,周智明
EE-04,数字信号处理B,40,2.5,周治国
DA-02,色彩表现,40,2.5,周岩
EE-05,信号与信息处理实验（Ⅱ）,8,0.25,周学华
LW-01,国际私法,48,3,周霞蔚
EE-06,电工和电子技术A（II）,48,3,周文彪
ME-01,导航与制导技术（双语）,32,2,周亢
LW-02,民事诉讼法,64,4,"周建华,于鹏"
FL-01,日本近现代文学,32,2,周晨亮
HS-01,新制度经济学,48,3,钟惠波
EE-07,素质拓展,128,4,郑舟
MV-02,车辆制造与工艺技术,32,2,郑长松
LW-03,劳动合同法,32,2,郑晓静
AT-01,电力系统继电保护,48,3,"郑戍华,王向周"
AT-02,嵌入式系统,32,2,郑戍华
CS-06,离散数学Ⅱ,48,3,郑军
HS-02,女性学概论,32,2,郑佳然
MV-03,热力学（英文）,48,3,郑宏飞
CS-07,计算机网络,48,3,郑宏
MT-01,集成电路设计,32,2,郑冰
MX-01,中国近现代史纲要,48,3,赵紫玉
EM-01,证券投资学（全英文）,32,2,赵中秋
CE-02,工业催化,32,2,赵芸
OE-01,精密机械零件常规设计,32,2,"赵跃进,董立泉"
OE-02,光电测控系统专项实验（研究型）,48,3,赵跃进
EM-02,毕业论文,256,12,赵玉焕
EM-03,毕业论文（全英文）,256,12,赵玉焕
EM-04,毕业设计（论文）,256,16,赵玉焕
MT-02,电子封装工艺,56,3,赵永杰
MA-03,抽样调查,48,3,赵阳
LW-04,民法总论（研究型）,48,3,赵秀梅
FL-02,日语泛读Ⅰ,32,2,赵秀娟
FL-03,日语听力Ⅱ,64,4,赵秀娟
MT-03,毕业设计（论文）,256,16,赵修臣
MT-04,电子封装材料设计与研发,64,2,赵修臣
MT-05,焊接工程基础,40,2.5,赵修臣
CS-08,毕业设计,256,8,赵小林
AS-03,航天空气动力学,32,2,赵小见
AS-04,材料力学B,72,4.5,赵希淑
EE-08,多媒体通信,32,2,赵胜辉
EE-09,移动通信,32,2,赵胜辉
CS-09,计算机基础,48,3,赵三元
DA-03,建筑基础知识,48,3,赵玫
DA-04,专业设计（7）公共建筑设计,64,4,赵玫
AS-05,自动控制原理A,64,4,赵良玉
EE-10,计算机网络技术,32,2,赵娟
MV-04,机械原理,56,3,赵杰亮
AT-03,控制系统仿真,32,2,赵江波
PH-01,热力学与统计物理A,96,6,赵宏康
EE-11,微波系统设计,48,3,赵国强
CS-10,数据库原理与设计,48,3,赵刚
CS-11,C语言编程实践,16,1,赵丰年
CS-12,网页设计基础,48,3,赵丰年
DA-05,陶瓷艺术实践,32,2,赵斌
DA-06,北京历史地理,32,2,张祖群
DA-07,中国传统民居,32,2,张祖群
OE-03,激光系统设计,32,2,张子龙
CE-03,固体化学,32,2,张志攀
ME-02,传感与动态测试技术,48,3,张振海
ME-03,信号与系统B,48,3,张振海
CE-04,表面与胶体化学,32,2,张韫宏
FL-04,基础日语Ⅳ,96,6,张元卉
FL-05,演讲与辩论,32,2,张元卉
FL-06,综合英语IV,64,4,张渊
FL-07,德语语料库语言学,32,2,张勇
FL-08,高级德语II,64,4,张勇
LF-01,精准医疗体外诊断技术与方法,32,2,张永谦
EM-05,毕业论文,256,12,张永冀
EM-06,财务分析,32,2,张永冀
LF-02,微生物学,48,3,张莹
FL-09,基础西班牙语II,160,10,张怡
FL-10,西班牙语泛读III,32,2,张怡
AS-06,自动控制原理B,48,3,张尧
LW-05,环境与资源保护法,64,4,张晏
MA-04,矩阵分析,48,3,张艳霞
FL-11,英语阅读,32,2,张艳霞
FL-12,英语阅读 II,32,2,张艳霞
FL-13,英语阅读 IV,32,2,张艳霞
EE-12,电路分析基础B,48,3,张彦梅
DA-08,绘画材料语言与设计表现,32,2,张岩红
EE-13,工程概论,16,0,张延军
EE-14,数字电路A,88,4.5,张延军
HS-03,毕业设计（论文）,224,14,张亚彬
HS-04,经济史,48,3,张亚彬
HS-05,证券投资学,32,2,张亚彬
AS-07,机电系统设计,48,3,"张训文,刘福祥"
MV-05,毕业设计（英文）,192,12,张旭
MV-06,中国文化与跨文化交流（英文）,16,1,张旭
EM-07,财务管理概论,32,2,张秀梅
IE-01,企业会计实务,64,4,张秀梅
ME-04,毕业设计-工力,384,12,张晓伟
OE-04,数理方程与特殊函数,32,2,张晓芳
CE-05,生命分析化学,32,2,"张小玲,敬静"
MV-07,毕业设计（论文）,160,10,张卫正
MV-08,内燃机原理,80,5,张卫正
MA-05,高等代数B2,48,3,张伟
ME-05,工程力学DII,48,3,"张韬,聂建新"
CE-06,物理化学C,48,3,张绍文
CE-07,毕业设计（论文）,384,12,张汝波
CE-08,结构化学,48,3,张汝波
FL-14,德语文学史II,32,2,张培
DA-09,生活方式调研,48,3,张明
MV-09,流体力学（英文）,48,3,张敏弟
MV-10,流体力学B,32,2,张敏弟
CS-13,大数据软件技术,32,2,张美慧
FL-15,加拿大研究专题,32,2,张丽华
FL-16,英语听力 II,32,2,张丽华
EM-08,毕业论文,256,12,张丽红
EE-15,集成电路设计实践（I）,16,0.5,张蕾
CS-14,数字逻辑,56,3.5,张磊
LF-03,发育生物学,32,2,张钧
MV-11,汽车学 II,48,3,张军
AT-04,控制科学基本原理与应用I,48,3,张金会
LW-06,海商法(双语）,32,2,张江涛
FL-17,毕业论文,128,8,张剑
FL-18,学术写作II,16,1,张剑
FL-19,职业规划与实践,48,3,张剑
LF-04,微生物工程,32,2,张建丽
CS-15,计算机组成与体系结构,56,3.5,张继
MV-12,机械制图II,48,2.5,张辉
CS-16,汇编语言与接口技术,64,4,张华平
MT-06,塑性成形工艺,40,2.5,张洪梅
DA-10,包装装潢设计,64,4,张洪海
OE-05,电动力学,32,2,张海洋
MV-13,车用发动机构造与原理,32,2,张付军
MV-14,内燃机拆装实习,64,2,张付军
EE-16,电路分析基础实验C,16,0.5,张峰
EE-17,电路与电子线路实验（Ⅰ）,32,1,张峰
EE-18,电路与电子线路实验（Ⅰ）（全英文）,32,1,张峰
DA-11,毕业设计（文遗）,384,12,张帆
DA-12,设计概论,32,2,张帆
DA-13,摄影与数字影像处理,32,2,张帆
MV-15,质量管理,32,2,张发平
MT-07,铸造工程基础,40,2.5,"张朝晖,王俊升"
MA-06,模糊数学,48,3,张博侃
CS-17,面向对象程序设计,40,2.5,袁汉宁
OE-06,平板显示器件设计与制造,32,2,喻志农
MT-08,绿色材料与可持续发展,32,2,郁亚娟
ME-06,微处理器与汇编语言（全英文）,48,3,俞玉树
EM-09,国际商务沟通(全英文）,48,3,余晓泓
EM-10,经贸文章阅读,32,2,余晓泓
LW-07,亲属继承法,48,3,余航
LW-08,立法学（研究型）,32,2,于兆波
AS-08,流体力学C,32,2,于勇
MT-09,陶瓷材料学,32,2,于晓东
MT-10,陶瓷与粉末材料工程,32,2,于晓东
DA-14,建筑学概论,32,2,于小川
DA-15,中外建筑史,48,3,于小川
MX-02,毛泽东思想和中国特色社会主义理论体系概论,48,3,于宪明
EE-19,数字通信网,32,2,于季弘
DA-16,人因工程学基础,32,2,于德华
DA-17,综合造型基础2,32,2,于德华
EM-11,企业资源规划系统与工具,32,2,尹秋菊
CE-09,天然药物化学,32,2,尹宏权
CE-10,制药过程安全与环保,32,2,尹宏权
CE-11,有机化学实验（I）,64,2,叶彦春
MT-11,材料化学实验,48,1.5,"叶霖,耿雪"
MT-12,聚合过程中的化学与技术,32,2,叶霖
DA-18,室内设计原理,32,2,姚健
CE-12,制药分离工程,32,2,杨智
LF-05,医用生物技术,32,2,"杨勇飞,全贞贞"
CS-18,数字逻辑基础,32,2,杨旭
CS-19,机器学习,32,2,杨晓春
CE-13,仪器分析,64,4,"杨文,曹洁,张小玲"
CE-14,现代分离技术,32,2,杨文
MA-07,概率论与数理统计（双语）,48,3,杨婷
IE-02,学术技能（全英文）,48,3,杨添安
MT-13,材料成型基础,32,2,杨素媛
CS-20,物联网通信技术,40,2.5,杨松
HS-06,当代中国经济,48,3,杨帅
MA-08,微积分C I,64,4,杨鹏飞
MV-16,汽车构造与原理,32,2,"杨林,赵玉壮,吴志成"
EE-20,通信与网络基础理论及应用Ⅰ,56,3.5,杨杰
EE-21,通信与网络基础理论及应用Ⅲ,56,3.5,杨杰
MA-09,实变函数,64,4,杨建伟
DA-19,模型制作,32,2,杨建民
LW-09,民商法案例研习,32,2,杨华权
LW-10,知识产权法案例研习,32,2,杨华权
EE-22,光纤通信,32,2,杨德伟
LW-11,国际公法（双语）,48,3,"杨成铭,杨宽"
MV-17,流体机械原理,32,2,"杨策,伊卫林"
OE-07,光纤通信原理与技术,32,2,杨爱英
OE-08,通信原理,48,3,杨爱英
DA-20,快题设计,48,3,颜开
DA-21,中外建筑史,32,2,严雨
DA-22,专业实习,32,2,严雨
MA-10,工科数学分析 II,96,6,闫晓霞
ME-07,电磁波辐射与传播,48,3,闫晓鹏
LF-06,脑功能分析技术,32,2,闫天翼
MV-18,毕业设计（校企）,160,10,闫清东
MV-19,装甲车辆设计,48,3,闫清东
CS-21,网络安全工程,32,2,闫怀志
CS-22,软件项目管理,48,3,闫波
MV-20,毕业设计（论文）,160,10,薛庆
MV-21,人因工程学,48,3,薛庆
ME-08,工程流体力学,48,3,薛琨
EE-23,微波网络基础,32,2,许湛
CE-15,普通化学实验,32,1,许颜清
EE-24,现代谱估计导论,48,3,许文龙
EE-25,自适应信号处理,48,3,许文龙
OE-09,光电成像技术与应用,48,3,"许廷发,王吉晖"
LF-07,自动控制理论,32,2,徐远清
DA-23,产品设计2（造型设计）,96,6,"徐悬,杨新"
DA-24,公共设施设计,48,3,徐悬
MA-11,毕业设计（论文）,160,10,徐兴忠
MA-12,数理统计,48,3,徐兴忠
LF-08,生物医学信号检测与处理,32,2,"徐伟,吕雪飞"
AS-09,航天飞行器系统分析与设计,32,2,徐瑞
AS-10,飞行控制系统的原型系统技术A,32,2,徐军
EE-26,创新创业实践B,128,4,徐建
FL-20,莎士比亚戏剧,32,2,徐嘉
FL-21,英语演讲与辩论,32,2,徐嘉
MT-14,电子信息器件,32,2,熊志平
MV-22,工程热力学A,64,4,熊建银
TL-01,科学与工程计算,48,3,熊春光
EM-12,管理信息系统,32,2,邢郁丽
PH-02,热力学与统计物理B,64,4,邢燕霞
PH-03,物理实验AⅠ,32,1,邢燕霞
LF-09,数据挖掘在生物医学中的应用,32,2,辛怡
CS-23,知识工程,32,2,辛欣
EE-27,光电子学导论,48,3,辛建国
EE-28,信号处理综合设计（课赛结合）,96,3,谢宜壮
EE-29,电路与电子技术,48,3,谢民
CE-16,统计热力学(双语),32,2,谢静
ME-09,工程材料基础（双语）,32,2,谢晶
AT-05,数字电子技术基础B,48,3,肖烜
IE-03,毕业论文（全英文）,160,10,肖淑芳
LF-10,医疗仪器注册与监管,32,2,"肖楠,高宝丰"
LF-11,数据结构与算法设计,32,2,肖楠
LF-12,数据结构与算法设计实验,16,0.5,肖楠
HS-07,小组工作实践,32,2,向小平
AT-06,控制科学基本原理与应用III,48,3,夏元清
CS-24,拔尖创新人才专项1,32,2,奚英伦
AS-11,火箭燃气动力学II,48,3,武毅
ME-10,武器系统设计理论基础,48,3,"武伟超,娄文忠"
CE-17,毕业设计（论文）,256,16,武钦佩
CE-18,精细化工实验,32,1,武钦佩
DA-25,植物景观设计基础,32,2,武慧兰
ME-11,燃烧学基础,48,3,"伍俊英,陈朗"
EE-30,电磁场理论与微波工程（全英文）,64,4,吴昱明
EE-31,电路与电子线路实验（Ⅳ）,24,0.75,吴莹莹
EE-32,电路与电子线路实验（Ⅳ）（全英文）,16,0.5,吴莹莹
ME-12,现代控制理论,32,2,吴炎烜
TL-02,工程导论,48,3,吴嗣亮
FL-22,计算机辅助翻译入门,32,2,吴霜
MV-23,专业认知与拆装实习,96,3,吴绍斌
EE-33,电路分析基础（全英文）,48,3,吴琼之
EE-34,电子综合设计（课赛结合）,96,3,吴琼之
EE-35,计算机与网络实验（Ⅰ）,8,0.25,吴浩
EE-36,数据结构与算法设计A（C++描述）,48,2.75,吴浩
EE-37,数据结构与算法设计B（C描述）,24,1.5,吴浩
EE-38,半导体物理,48,3,吴海霞
EE-39,半导体物理与器件建模（全英文）,48,3,吴海霞
MV-24,机械制造工程学B,64,4,闻敬谦
MV-25,生产系统综合设计与实验,32,1,闻敬谦
ME-13,含能元器件设计原理B,56,3.5,"温玉全,任慧"
AS-12,飞行器系统分析与设计,48,3,"温求遒,夏群利"
LF-13,信号与信息处理实验 IV,8,0.25,温俊海
LF-14,医学成像原理与图像处理,40,2.5,温俊海
CE-19,制药工程专业实验（II）,96,3,"温鸿亮,马兵"
AS-13,航天器轨道设计与优化,32,2,温昶煊
LF-15,生物医学检验仪器,48,3,魏泽文
ME-14,飞航力学,48,3,魏继锋
MV-26,车辆快速性与控制,64,4,魏超
MV-27,装甲车辆行驶理论,48,3,魏超
CS-25,高性能科学计算,40,2.5,卫晋
CE-20,超分子化学（双语）,32,2,韦天新
CE-21,光电化学（双语）,32,2,韦天新
PH-04,固体物理(Ⅰ),64,4,王志
PH-05,物理实验BⅠ,32,1,王志
AS-14,飞行器结构分析与设计,32,2,王正平
ME-15,机电控制技术（双语）,48,3,王正杰
EM-13,品德修养与成长（Ⅲ）,4,0.2,王征
CE-22,电化学基础,32,2,王振华
ME-16,弹药与武器系统概论,64,4,"王在成,姜春兰"
ME-17,协同控制与仿真技术,32,2,王玥
EE-40,电工和电子技术（I I）（全英文）,40,2.5,王勇
EE-41,电工和电子技术实验（II）（全英文）,16,0.5,王勇
EE-42,电路分析基础A,88,4.5,王勇
EE-43,航天测控通信技术概论,32,2,王永庆
MT-15,热处理原理与工艺,64,4,"王迎春,熊志平"
MT-16,高分子材料成型基础,32,2,王银杰
CS-26,计算机体系结构,40,2.5,王一拙
MA-13,复变函数,48,3,王一夫
MT-17,电子工程材料,40,2.5,王扬卫
AS-15,航天器动力学与控制,48,3,王彦恺
EE-44,电磁兼容基础,32,2,王学田
MX-03,形势与政策Ⅱ,8,0.25,王旭东
MV-28,机械原理（英文）,48,3,王晓力
EE-45,控制理论基础实验,8,0.25,王晓华
AS-16,飞行力学A,48,3,王晓芳
AT-07,工程测试技术,32,2,"王向周,彭熙伟"
AT-08,虚拟仪器网络测控技术,32,2,王向周
MV-29,系统工程学,32,2,王武宏
EM-14,微观经济学,48,3,王文岩
MV-30,汽车车身结构与设计,32,2,王文伟
MV-31,汽车学 I,48,3,王文伟
HS-08,毕业设计（论文）（Thesis）,224,14,王文卿
HS-09,儿童青少年社会工作,32,3,王文卿
HS-10,质性研究方法,48,3,王文卿
CS-27,计算机应用基础,32,2,王文明
CS-28,数据库技术及应用（Access）,48,3,王文明
MT-18,聚合物成型加工,48,3,王文俊
EE-46,控制理论基础B,32,2,王卫江
MV-32,车辆综合电子信息技术,24,1.5,王伟达
MV-33,现代火力控制技术,24,1.5,王伟达
DA-26,毕业设计（环艺）,384,12,王涛
AT-09,可编程控制器,32,2,王涛
AT-10,可编程控制器课程设计,32,1,王涛
DA-27,专业设计（9）城市公共空间景观设计,64,4,王涛
OE-10,光学系统设计与工艺实践,16,0.5,王姗姗
LF-16,免疫学,32,2,王睿
LF-17,人体解剖生理学,64,4,王睿
ME-18,材料力学D,32,2,王强
CE-23,高等有机化学,32,2,王楠
AT-11,电力系统分析,64,4,王亮
PH-06,理论力学,64,4,王亮
DA-28,摄影创意与表现,48,3,王丽君
MV-34,工程热力学B,32,2,王克亮
EM-15,应用统计学,48,3,"王俊鹏,孙士伟"
EE-47,扩频信号处理技术与应用,32,2,王菊
MA-14,数学分析II,96,6,王杰
FL-23,西班牙语泛读Ⅰ,32,2,王江睿
FL-24,西班牙语听力Ⅱ,32,2,王江睿
FL-25,西班牙语听力IV,32,2,王江睿
ME-19,移动机器人学,32,2,"王建中,高学山"
EM-16,决策与对策专题,32,2,王建才
AS-17,航天测控原理与设计,48,3,王辉
EM-17,世界经济,32,2,王怀豫
EM-18,世界经济（全英文）,32,2,王怀豫
DA-29,素描语言表现,40,2.5,王宏伟
CS-29,编译原理与设计,64,4,王贵珍
EM-19,创新与创业管理,32,2,王刚波
LF-18,蛋白质与酶工程,32,2,王丰
MT-19,聚合物流变学,48,3,王飞俊
ME-20,终点效应学,48,3,"王芳,王海福"
DA-30,佛教艺术,32,2,王东声
HS-11,社区工作,48,3,王丹
HS-12,社区工作实践(）,32,2,王丹
HS-13,心理学与生活,48,3,王丹
CS-30,软件质量与评测技术,40,2.5,王崇文
EM-20,计量经济学（全英文）,32,2,"王博,张凌翔"
AT-12,卫星定位导航系统及应用,32,2,王博
AT-13,工程创新设计,32,2,汪湛清
FL-26,中级德语II,144,9,汪亚利
EM-21,工程经济学,32,2,汪涛
HS-14,大学语文,32,2,汪洪澜
FL-27,高级英语 II,32,2,汪昌松
FL-28,英语语法,32,2,汪昌松
MA-15,高等代数I,48,3,"万金奎,张杰"
HS-15,现代福利思想,32,2,童旭光
EM-22,成本管理会计,48,3,佟岩
MV-35,工程制图A,64,4,佟献英
EE-48,雷达原理与系统,32,2,田卫明
CS-31,攻防对抗技术,32,2,田东海
CS-32,计算机病毒防治,32,2,田东海
EE-49,信号处理理论与技术Ⅰ,56,3.5,陶然
OE-11,平板显示原理与技术,48,3,唐义
AS-18,毕业设计,384,12,唐胜景
EE-50,数字图像处理理论与系统设计,32,2,唐林波
FL-29,毕业论文,128,8,汤丽
FL-30,日语听力Ⅳ,64,4,汤丽
FL-31,科技日语,32,2,谭峥
FL-32,日语口译Ⅰ,32,2,谭峥
CE-24,化工原理B,64,4,谭璟
AS-19,弹射内弹道学,32,2,谭大成
MT-20,材料科学基础,80,5,"谭成文,刘金旭"
CS-33,数值分析,32,2,孙新
ME-21,工程力学基础,32,2,"孙伟福,林高建"
LW-12,侵权责任法,48,3,孙天全
EM-23,毕业论文,256,12,孙淑英
EM-24,市场调研,32,2,孙淑英
MV-36,工程材料与应用（英文）,48,3,孙娜
DA-31,立体造型,32,2,孙淼
DA-32,形态构成1,32,2,孙淼
IE-04,会计学原理,32,2,孙利沿
LF-19,生物仪器分析,48,2.5,"孙立权,罗爱芹"
LF-20,生物分离工程实验,32,1,孙立权
EE-51,数字电路B,48,3,孙磊
CE-25,毕业设计（论文）,256,16,孙克宁
LF-21,生物过程与装备,32,2,孙剑
CS-34,网络安全导论,32,2,孙建伟
ME-22,毕业设计（论文）-探测,384,12,隋丽
CS-35,毕业设计（论文）,224,14,宿红毅
MT-21,毕业设计（论文）,256,16,苏岳锋
MT-22,储能材料与技术,48,3,苏岳锋
AT-14,自动控制理论Ⅱ（英文）,48,3,宋卓越
HS-16,公共经济学,48,3,宋宪萍
ME-23,塑性力学（双语）,48,3,宋卫东
ME-24,创新创业实践-智能机器人综合实践II,64,2,"宋萍,李辉,蒋志宏"
ME-25,随机信号分析,48,3,宋承天
CS-36,计算机网络课程设计,32,1,嵩天
CS-37,网络与信息安全,32,2,嵩天
AS-20,毕业设计,384,12,水小平
AS-21,材料力学A,80,5,水小平
CS-38,计算机科学与程序设计（C语言）,64,4,史树敏
CE-26,化工基础技术实验,32,1,史大昕
CE-27,能源化工工艺学(I),32,2,史大昕
IE-05,审计实务（全英文）,64,4,史晟华
EM-25,审计学原理（全英文）,64,4,史晟华
LF-22,信号与信息处理实验 I,8,0.25,史彩成
EE-52,信号处理理论与技术Ⅲ,56,3.5,"石岩,赵娟"
MA-16,一般拓扑学,48,3,石靖
AS-22,燃烧与传热学II,32,2,石保禄
AS-23,燃烧诊断,32,2,石保禄
AT-15,计算方法,32,2,盛永智
AT-16,高低压电器,32,2,沈伟
AT-17,信号分析与处理,48,3,沈伟
CS-39,拔尖创新人才专项2,32,2,沈蒙
AT-18,电路分析基础实验A（英文）,16,1,沈凯
AT-19,数字电子技术实验A,24,0.75,沈凯
ME-26,传感与测试技术,48,3,申强
ME-27,传感与测试技术（双语）,48,3,申强
DA-33,传统艺术元素与现代设计应用,48,3,申华平
DA-34,非物质文化遗产鉴赏,32,2,申华平
AS-24,无人机控制原理,32,2,佘浩平
FL-33,德语口译实训II,32,2,佘葆青
PH-07,普通物理Ⅴ,48,3,邵彬
DA-35,计算机辅助设计II,48,3,沙子鉴
AT-20,能源变换技术,32,2,沙德尚
MT-23,固体物理,64,4,"戎宏盼,徐萌"
EE-53,电磁场理论A,72,4,任武
EE-54,微波电子线路,48,3,任武
EE-55,工程创新设计Ⅵ,32,1,任仕伟
EE-56,数字电路（全英文）,48,3,任仕伟
ME-28,毕业设计-特能,384,12,任慧
OE-12,数字图像处理A,48,3,裘溯
DA-36,毕业设计（产品）,384,12,邱越
DA-37,毕业设计（工业）,384,12,邱越
DA-38,工程制图,32,2,邱越
DA-39,设计心理学,32,2,邱越
DA-40,设计心理学,32,2,邱越
FL-34,基础西班牙语IV,160,10,邱曼青
FL-35,拉美国情文化导论,32,2,邱曼青
ME-29,含能材料学,56,3.5,"乔小晶,张同来,杨利"
CE-28,能源化学工程专业实验,64,2,乔金硕
ME-30,防火防爆理论与技术,64,4,"钱新明,赵耀"
AS-25,航天器编队飞行理论,32,2,祁瑞
EM-26,国际商法,32,2,戚淳
EM-27,国际商法（全英文）,32,2,戚淳
LF-23,DSP与FPGA系统设计,32,2,"平庆伟,史彩成"
LF-24,DSP与FPGA系统设计实验,16,0.5,平庆伟
PH-08,大学物理AⅠ,64,4,彭绪彪
AT-21,自动控制理论综合实验（双语）,32,2,"彭熙伟,李怡然"
AT-22,电气测量与信号处理,48,3,"彭熙伟,白永强"
AT-23,工程导论,32,2,彭熙伟
EM-28,国际贸易,32,2,彭红斌
EM-29,国际贸易地理,32,2,彭红斌
CE-29,物理化学B,80,5,"庞树峰,张秀辉"
TL-03,计算科学,32,2,"潘小敏,姚裕贵"
EE-57,电磁场理论B,48,3,潘小敏
EE-58,工程仿真与科学计算,32,2,潘小敏
ME-31,计算力学基础,48,3,"宁建国,马天宝"
MT-24,纳米材料与技术,32,2,聂志华
EE-59,工程创新设计Ⅱ,16,0.5,聂青
EE-60,计算机与网络实验（Ⅰ）（全英文）,8,0.25,聂青
EE-61,算法与数据结构（全英文）,24,1.5,聂青
EM-30,现代广告学,32,2,倪跃峰
MV-37,无人车总体技术,32,2,倪俊
EE-62,电路与电子线路实验（Ⅲ）,32,1,南方
MT-25,材料物理与化学,48,3,穆道斌
IE-06,求职与应聘（全英文）,48,3,母丹
OE-13,激光原理与技术实验,32,1,"孟彦彬,杨苏辉"
AS-26,毕业设计,384,12,孟秀云
AS-27,飞行器制导与控制,48,3,孟秀云
EM-31,国际市场营销（全英文）,48,3,孟凡臣
MV-38,数理方程与特殊函数,32,2,梅冰昂
AT-24,工程电磁场,48,3,毛雪飞
ME-32,武器系统导论,32,2,"毛瑞芝,杨成伟,李杰"
ME-33,创新创业实践,64,2,"毛瑞芝,仝毅"
DA-41,首饰设计与制作,32,2,满芊何
MT-26,材料科学基础B,80,5,"马壮,刘颖"
MT-27,材料及其成形测试技术,48,3,马壮
AT-25,毕业设计,384,12,马中静
EE-63,电路与电子线路实验（Ⅲ）（全英文）,32,1,马越
DA-42,界面设计,48,3,马月
HS-17,创新创业教育,32,2,马永霞
OE-14,光电成像中的非线性信号处理技术,32,2,马旭
LF-25,合成生物学,32,2,"马晓焉,霍毅欣"
ME-34,毕业设计-弹药,384,12,马天宝
MV-39,工程训练I,32,1,马树奇
MV-40,制造技术基础训练B,105,3,马树奇
MV-41,制造技术基础训练C,70,2,马树奇
MV-42,制造技术基础训练D,35,1,马树奇
EE-64,操作系统原理,40,2.25,马锐
HS-18,金融学,48,3,马秋君
EM-32,货币银行学（全英文）,32,2,"马明,王红夏"
AT-26,信号分析与处理（英文）,48,3,马立玲
CE-30,物理化学实验B,64,2,马嘉璧
AT-27,电机及控制（英文）,80,5,马宏伟
TL-04,矩阵代数、控制与博弈,48,3,马宏宾
MV-43,现代防护技术,24,1.5,马彪
LF-26,生物分离工程,32,2,吕雪飞
EE-65,电子科学与技术学科前沿与进展,16,0,吕昕
CS-40,汇编语言及接口技术,32,2,吕坤
CS-41,数字媒体导论,32,2,罗霄
DA-43,文化遗产管理,48,3,罗涛
DA-44,专业外语（双语基础设计）,32,2,罗涛
EE-66,网络空间安全综合设计（课赛结合）,96,3,罗森林
EE-67,信息系统安全与对抗技术,48,2.75,罗森林
FL-36,学术用途英语二级,80,4,罗勤
MV-44,工程制图C,32,2,罗军
MV-45,工程制图（英文）,64,4,罗会甫
MV-46,工程制图基础（全英文）,32,2,罗会甫
MV-47,机械设计基础B,72,4.5,路敦勇
DA-45,中国传统泥塑实践,32,2,鲁明非
MT-28,薄膜技术与薄膜材料,32,2,卢赟
CE-31,仪器分析实验,56,1.75,卢士香
EE-68,电工和电子技术B（II）,40,2.5,卢继华
ME-35,高速冲击动力学,32,2,"龙仁荣,张庆明"
ME-36,动态测试技术,32,2,龙仁荣
MT-29,材料表面工程,40,2.5,柳彦博
MT-30,微电子制造工艺基础,40,2.5,柳彦博
MA-17,大学数学（下）,48,3,刘子辉
MA-18,基础数学II,64,4,刘子辉
EE-69,数字信号处理A,56,3.25,刘志文
MV-48,毕业设计（论文）,160,10,刘志兵
MV-49,机械制造工程学A,64,4,刘志兵
ME-37,毕业设计(论文),384,12,刘振翼
MV-50,机械制造装备设计,48,3,"刘长猛,卢继平"
AS-28,嵌入式系统原理,40,2.5,刘永善
MT-31,膜材料与膜技术,32,2,刘影夏
MT-32,毕业设计（论文）,256,16,刘颖
HS-19,社会工作与社会发展,48,3,刘颖
HS-20,社会政策,48,3,刘颖
MV-51,服务运营管理,32,2,刘莹
MV-52,工程概论（英文）,32,1,刘莹
LW-13,西方法律思想史(研究型）,32,2,刘毅
DA-46,色彩构成,32,2,刘以鸣
DA-47,形态构成2,32,2,刘以鸣
AS-29,工程力学,64,4,刘晓宁
AS-30,航空航天测试技术,48,3,刘向阳
FL-37,毕业设计（论文）,128,8,刘文杰
FL-38,德语专题写作实练II,16,1,刘文杰
LF-27,生物医学信号检测与处理实验,32,1,"刘伟峰,徐远清"
PH-09,物理科研实训,32,1,刘伟
AT-28,数字电子技术基础A,56,3.5,刘彤
CE-32,普通化学II,32,2,刘天府
MV-53,传热学,32,2,"刘淑丽,熊建银"
AT-29,自动控制理论II(双语),48,3,刘世岳
MV-54,数字化设计与制造,48,3,刘少丽
ME-38,安全检测与监控,32,2,刘庆明
CS-42,计算理论与算法分析设计,48,3,刘庆晖
CS-43,组合数学,32,2,刘庆晖
AS-31,流体力学A,64,4,"刘青泉,王晓亮,李真珍"
OE-15,智能仪器与机器视觉,32,2,刘明
FL-39,国际会议口译,32,2,刘露
AS-32,材料与结构力学贯通课Ⅰ,64,4,"刘刘,周萧明,马沁巍"
AS-33,材料力学（全英文）,56,3.5,刘刘
EM-33,经济学概论（I）（网络课堂）,16,1,刘岭
EM-34,微观经济学（全英文）,48,3,刘岭
AS-34,毕业设计,384,12,刘莉
FL-40,德语语言学导论,32,2,"刘磊,张勇,李慧坤"
FL-41,基础德语II,320,20,刘磊
FL-42,计算机辅助德语学习,32,2,刘磊
OE-16,光电子电路设计,32,2,刘克
OE-17,物理光学,56,3.5,刘娟
MV-55,CAD/CAM,32,2,刘检华
EE-70,毕业设计（论文）,384,12,刘家康
EE-71,电子通信系统（全英文）,64,4,刘家康
MV-56,汽车结构与设计（英文）,64,4,刘海鸥
LW-14,法律方法（研究型）,32,2,刘国福
LW-15,知识产权法基础,16,1,刘国福
LF-28,生物技术制药,32,2,刘桂艳
AS-35,工程力学（全英文）,64,4,刘广彦
MV-57,动力机械热动力学,64,4,"刘福水,孙柏刚"
LF-29,微生物学实验,48,1.5,刘芳
FL-43,学术用途英语四级,80,4,刘芳
MX-04,形势与政策Ⅲ,32,0.5,刘存福
CS-44,软件服务导论,32,2,刘驰
EE-72,通信系统综合设计,96,3,刘策伦
MV-58,内燃机构造与原理（英文）,64,4,"刘波澜,王恩华"
AT-30,计算机网络与通信,32,2,林知微
AS-36,等离子体推进与应用,32,2,林永樑
CS-45,算法设计与分析,40,2.5,林永钢
EE-73,信号与信息处理实验（Ⅱ）（全英文）,8,0.25,林艳飞
MA-19,数值计算方法I,32,2,林甲富
MA-20,微积分B II,64,4,林甲富
AS-37,飞行力学（研究型课程）,48,3,林海
MV-59,毕业设计（论文）,160,10,林程
AT-31,电气传动及控制基础B,64,4,廖晓钟
LW-16,税法,48,3,廖仕梅
MT-33,数理方程与特殊函数,32,2,廖海涛
HS-21,宏观经济学,48,3,梁媛
CE-33,化工设计实践,48,1.5,"梁文强,黎汉生,尹艳华"
CS-46,现代人机交互,32,2,梁玮
FL-44,高级德语IV,48,3,梁珊珊
AS-38,塑性力学基础,32,2,梁军
ME-39,电气安全工程,32,2,梁慧敏
DA-48,中国民间艺术概论,32,2,梁绸
CS-47,程序设计基础,48,3,李仲君
MV-60,大学生科技创新专项,48,3,李忠新
AT-32,计算机控制系统（英文）,40,2.5,李震
MT-34,材料制备方法与理论,48,3,李煜璟
LF-30,生物药剂学与药物动力学,32,2,李玉娟
CS-48,Linux系统编程,32,2,李玉岗
MT-35,有机波谱分析,48,2.5,李玉川
AS-39,复合材料力学基础,32,2,李永
MV-61,机械设计基础A,88,5.5,李轶
LW-17,票据法,32,2,李艳秋
LF-31,环境生物技术,32,2,李艳菊
AS-40,计算燃烧学,32,2,李新艳
EM-35,会计学基础（全英文）,32,2,李昕
MT-36,毕业设计（论文）,256,16,李晓萌
MT-37,高分子化学实验,48,1.5,李晓萌
MV-62,计算方法,32,2,李晓雷
CE-34,有机化学（I）,64,4,李晓芳
FL-45,综合英语II,64,4,李小重
MT-38,聚合物结构与性能表征,56,3,李霄羽
AS-41,优化设计原理,32,2,李响
MT-39,半导体物理与器件,72,4.5,李祥
EM-36,货币银行学,32,2,李先柏
EM-37,应用统计学（全英文）,48,3,李苏一
MT-40,工程材料基础,32,2,李树奎
CE-35,物理化学（I）,64,4,李全松
DA-49,产品及展示设计,32,2,李平
DA-50,设计表现1,48,3,李平
ME-40,信号与系统A,56,3.5,李鹏斐
CS-49,编译原理与技术,48,3,李鹏
CE-36,分离工程,32,2,李弥异
MT-41,可再生能源及其利用技术,48,3,李丽
DA-51,电子技术基础,32,2,李力
LW-18,互联网法律政策专题研究,32,2,李磊
CS-50,机器学习初步,32,2,李侃
AS-42,宇航推进原理,48,3,"李军伟,魏志军"
MV-63,汽车制造工艺学,32,2,"李军求,何泳"
PH-10,毕业设计(论文),192,12,李军刚
PH-11,普通物理 II,48,3,李军刚
MT-42,材料科学基础,48,3,"李静波,金海波"
MT-43,无机材料物理性能与表征,48,3,李静波
AT-33,机器人智能感知,32,2,李静
FL-46,英语语言学概论,32,2,李京廉
EM-38,国际商务环境（全英文）,32,2,李京
ME-41,有限元分析与应用,32,2,李金柱
LW-19,法律诊所,32,2,李金明
ME-42,特种电源技术,48,3,李金凤
ME-43,爆轰数值计算方法与应用,32,2,李健
AT-34,计算机现代工具使用实践,32,1,李健
MV-64,汽车电驱动技术,32,2,李建威
ME-44,安全人机工程学,32,2,李建平
FL-47,日本历史,32,2,李建华
FL-48,日本文化与概况,32,2,李建华
FL-49,日语网络视听说Ⅱ,32,2,李建华
EE-74,数字信号处理（全英文）,40,2.5,李慧琦
FL-50,德语国家历史,32,2,李慧坤
FL-51,翻译理论与技巧II,32,2,李慧坤
FL-52,科技德语文体,32,2,李慧坤
ME-45,毕业设计-机电,384,12,李辉
LW-20,国际经济法,48,3,李华
LW-21,世贸组织法,32,2,李华
MV-65,生产及工艺创新实习,144,4.5,李宏才
CS-51,游戏设计与开发,32,2,李红松
EM-39,物流管理,32,2,李果
MT-44,高分子物理,64,4,"李国平,王晓青"
DA-52,电子类产品设计,64,4,"李光亮,邱越"
DA-53,计算机辅助设计2,40,2.5,李光亮
DA-54,计算机辅助设计2（动画）,32,2,李光亮
CS-52,网络与通信,32,2,李凡
CS-53,最优化方法,32,2,李冬妮
EM-40,证券投资学,32,2,李存金
PH-12,大学物理Ⅰ（全英文）,64,4,李呈德
HS-22,财政学,48,3,李常青
HS-23,财政学,48,3,李常青
HS-24,政治经济学I,48,3,李常青
HS-25,文化与心理健康,48,3,李波
HS-26,心理健康与社会工作,32,2,李波
AT-35,电气测量技术课程设计,32,1,李保奎
CS-54,Python语言程序设计,48,3,礼欣
CE-37,化工设计,32,2,黎汉生
CE-38,化工设计综合实践（课赛结合）,96,3,黎汉生
AT-36,工程伦理(双语),16,1,赖汝
OE-18,光电仪器电子学实验,48,3,孔令琴
DA-55,产品设计初步,48,3,柯文铮
DA-56,生活方式与设计理念,16,1,柯文铮
EM-41,管理系统计算机仿真,32,2,鞠彦兵
MV-66,液压、气压与液力传动,32,2,荆崇波
CS-55,Android技术开发基础,32,2,金旭亮
CS-56,数字仿真技术,32,2,金乾坤
LF-32,生物化学（II）(全英文）,48,3,"金花,高昂"
AT-37,数字电子技术基础B实验,16,0.5,金锋
FL-53,现代日语语法,32,2,金春子
EE-75,文献检索与学术写作,32,1.5,金城
MV-67,机械制造与装备（英文）,64,4,解丽静
CS-57,密码学基础,40,2.5,蒋芃
ME-46,动态测试技术,48,3,"蒋建伟,李梅"
MV-68,矩阵分析,48,3,蒋朝阳
DA-57,设计史,32,2,姜可
MA-21,偏微分方程数值解,48,3,姜海燕
DA-58,设计方法,32,2,姜冰
FL-54,德语文学经典阅读与评析,32,2,姜爱红
DA-59,材料与工艺基础,32,2,江湘芸
DA-60,材料与加工技术,32,2,江湘芸
EE-76,电子对抗原理,32,2,江海清
EM-42,电子商务与互联网营销,32,2,贾琳
EE-77,信号处理、通讯和控制中的估计理论（双语）,32,2,贾丽娟
LF-33,毕业设计（论文）,256,8,霍毅欣
ME-47,高频电子电路,48,3,黄忠华
ME-48,智能信息处理,32,2,黄忠华
FL-55,汉西笔译,32,2,黄亦璇
FL-56,西班牙语口译II,32,2,黄亦璇
FL-57,应用西班牙语Ⅱ,32,0.5,黄亦璇
OE-19,光学系统设计与工艺,48,3,"黄一帆,李林"
CE-39,有机化学B,72,4.5,黄学斌
DA-61,建筑设计原理,32,2,黄晓云
CS-58,计算机动画与虚拟现实,32,2,黄天羽
MT-45,环境材料,32,2,黄擎
OE-20,非线性光学基础,32,2,黄玲玲
EM-43,商业伦理与社会责任,32,2,黄洁萍
MV-69,传感与测试技术,32,2,黄华
ME-49,弹道学,48,3,"黄广炎,董永香,邵志宇"
MA-22,试验设计,48,3,黄宝胜
MA-23,统计计算,48,3,黄宝胜
AS-43,振动理论与测试技术,64,4,胡长华
MV-70,汽车底盘控制技术,32,2,胡宇辉
MV-71,生产计划与控制,48,3,胡耀光
LF-34,光电检测技术,32,2,胡晓明
FL-58,大学英语II,64,2,胡晓军
CS-59,面向对象技术与方法,40,2.5,胡思康
EE-78,信息与通信工程学科前沿与进展,16,0,胡晗
AS-44,结构动力学基础,32,2,胡海岩
AS-45,工程材料,32,2,胡更开
LW-22,知识产权法,64,4,侯仰坤
CE-40,化工系统工程,32,2,侯瑞君
EM-44,国际金融,32,2,侯高岚
EM-45,国际金融（全英文）,32,2,侯高岚
PH-13,物理实验AⅢ,48,1.5,衡成林
AS-46,CAE技术基础,32,2,贺媛媛
MT-46,基板技术,32,2,贺川
MV-72,机械工程基础I,48,3,何永熹
MV-73,几何规范学,32,2,何永熹
FL-59,日本社会文化,32,2,何鹏举
ME-50,微机电系统技术基础,32,2,何光
PH-14,微电子学概论,48,3,"何锋,韩若愚"
DA-62,招贴设计,48,3,郝亚维
ME-51,单片机与嵌入式系统,48,3,郝新红
MV-74,精密制造工学基础,64,4,"郝娟,周天丰"
MV-75,数控技术,48,3,郝娟
MV-76,决策理论与方法,32,2,郝佳
AS-47,航天器发射技术,48,3,郝继光
DA-63,广告创意与表现,64,4,杭春晖
HS-27,财务管理,48,3,韩燕
MV-77,控制原理与测试（英文）,48,3,"韩亚峰,黄杰"
CS-60,软件需求工程与UML建模,48,3,韩锐
MV-78,拆装实习（校企）,64,2,韩立金
MV-79,驾驶实习（校企）,32,1,韩立金
EE-79,通信电路与系统A,80,4.25,韩力
EE-80,通信电路与系统B,48,3,韩力
MV-80,汽车空气动力学,32,2,韩建保
AT-38,电力电子装置及系统,32,2,郭志强
FL-60,基础日语Ⅱ,96,6,郭玉杰
FL-61,科技日语翻译,32,2,郭玉杰
DA-64,表现技法,32,2,郭希铁
DA-65,计算机辅助设计,32,2,郭希铁
EE-81,电磁理论、计算、应用Ⅱ,64,4,"郭琨毅,盛新庆,杨明林"
AS-48,工程能力实践环节I,32,2,郭杰
FL-62,英语写作II,32,2,郭戈
FL-63,英语写作IV,32,2,郭戈
LW-23,毕业实习（论文）,0,4,郭德忠
LW-24,美国知识产权法（双语）,32,2,郭德忠
LW-25,专业实习I,64,4,郭德忠
EE-82,控制理论基础A,56,3.25,郭德淳
EM-46,物流技术与供应链管理,32,2,关磊
DA-66,视觉传达设计（版面设计）,32,2,关国红
DA-67,产品与生活方式设计,64,4,巩超
DA-68,专题设计1,40,2.5,巩超
LW-26,能源法,32,2,龚向前
ME-52,数字通信技术,32,2,龚鹏
DA-69,人因工程学,32,2,宫晓东
ME-53,目标检测原理,32,2,"宫久路,谌德荣"
ME-54,毕业设计-武器,384,12,宫久路
FL-64,报刊网络阅读,32,2,弓军
FL-65,汉英口译,32,2,弓军
FL-66,英语听力 IV,32,2,弓军
AT-39,电磁兼容技术,32,2,耿庆波
EE-83,电工和电子技术实验（II）,16,0.5,高玄怡
EE-84,工程创新设计Ⅳ,32,1,高巍
AT-40,模式识别,32,2,高琪
ME-55,计算机控制与伺服系统,48,3,"高峻峣,陈晓鹏"
EM-47,毕业论文,256,12,高慧颖
EM-48,管理信息系统分析与设计,48,3,高慧颖
EE-85,电路分析基础D,48,3,高洪民
EE-86,微波频率源设计,32,2,高洪民
LF-35,生物反应工程原理,48,2.5,高海军
AT-41,电磁场（英文）,48,3,高聪哲
AT-42,电气传动及控制基础A,48,3,高聪哲
LF-36,数值计算与常用算法,32,2,高宝丰
AS-49,航天器最优估计原理,48,3,高艾
AT-43,智能控制基础,40,2.5,甘明刚
MX-05,形势与政策Ⅳ,8,0.25,甘凤妍
CS-61,物联网安全与隐私保护,40,2.5,盖珂珂
MV-81,制造技术基础训练（双语）,32,2,付铁
DA-70,基础设计1,64,4,付久强
DA-71,手绘表现1,40,2.5,付久强
ME-56,微系统设计,32,2,冯跃
OE-21,光电制导与跟踪,32,2,冯义民
OE-22,热力学与统计物理,32,2,冯义民
EM-49,国际市场营销,32,2,冯艳
CE-41,生物制药工艺学,32,2,冯旭东
AT-44,信息论基础,32,2,冯肖雪
DA-72,产品设计4（概念设计）,96,6,"冯明,宫晓东"
PH-15,现代物理实验与技术,64,2,冯璐
OE-23,光纤传感技术与应用,32,2,冯立辉
OE-24,光纤通信原理与技术实验,32,1,冯立辉
CE-42,精细化学品化学,32,2,冯彩虹
MA-24,概率与数理统计,48,3,房永飞
AS-50,毕业设计,384,12,方蜀州
CE-43,能源化工工艺学(II),32,2,"樊铖,孙克宁"
CE-44,文献检索与数据库利用,16,1,樊铖
MV-82,价值工程,32,2,段晓峰
MV-83,物流工程,32,2,段晓峰
AS-51,惯性导航技术,32,2,杜小菁
EM-50,市场营销学,32,2,杜向荣
EM-51,销售管理,32,2,杜向荣
EE-87,通信电路（全英文）,48,3,杜娟
EE-88,智能计算系统,40,2.5,杜慧茜
CE-45,化学制药工艺学,32,2,杜大明
AT-45,智能机器人课程设计,32,1,窦丽华
MT-47,毕业设计（论文）,256,16,董宇平
MT-48,聚合物材料物理,64,4,董宇平
OE-25,光纤技术基础,48,3,董毅
MA-25,应用回归分析,48,3,董岩
LF-37,细胞与组织工程,32,2,董润安
EM-52,管理学概论（网络课堂）,32,2,董沛武
AT-46,计算机控制系统,40,2.5,董宁
EM-53,国际贸易实务（全英文）,32,2,董梅
EM-54,世界贸易组织,32,2,董梅
EM-55,世界贸易组织（全英文）,32,2,董梅
LF-38,遗传学,32,2,董磊
DA-73,书籍设计,64,4,董红羽
AS-52,计算固体力学,48,3,董春迎
OE-26,光学中的量子理论,32,2,董冰
AT-47,DSP原理及应用(研究型),32,2,冬雷
AT-48,可再生能源发电及变换课程设计,32,1,冬雷
EE-89,微波遥感成像信息处理导论,32,2,丁泽刚
AS-53,探测原理,48,3,丁艳
CS-62,游戏引擎原理与应用,32,2,丁刚毅
CS-63,操作系统课程设计,32,1,翟岩龙
AT-49,新型惯性器件及其应用,32,2,邓志红
EM-56,商业伦理与社会责任（体优班）,32,2,邓欣吉
CE-46,化工原理A(Ⅱ),48,3,邓文生
EE-90,无线电定位系统与技术,40,2.5,单涛
CE-47,有机合成设计原理,32,2,戴啟谱
ME-57,结构力学,32,2,戴开达
ME-58,控制工程基础,32,2,代俊
ME-59,炸药与装药,32,2,崔庆忠
EM-57,管理运筹学,48,3,"崔利荣,侯福均"
IE-07,高级财务会计（全英文）,64,4,崔慧洁
DA-74,金属工艺实践,32,2,崔成
ME-60,危险化学物质分析,48,3,丛晓民
CE-48,中级无机化学实验,32,1,"迟瑛楠,龙海涛"
MT-49,毕业设计（论文）,256,16,程兴旺
MT-50,电子与信息材料,32,2,程兴旺
MV-84,汽车功率电子基础,32,2,程夕明
DA-75,毕业设计（视传）,384,12,程九军
CS-64,计算机图形学,40,2.5,程成
LW-27,中国法制史（研究型）,48,3,陈姿含
EE-91,集成电路工程（全英文）,88,4.25,陈志铭
EM-58,商业伦理与社会责任（全英文）,32,2,陈振娇
EE-92,集成电路工程,88,4.25,陈越洋
MT-51,先进复合材料,48,3,陈煜
MT-52,聚合物材料结构与性能表征,48,3,陈宇
LF-39,人体解剖生理学实验,32,1,陈颖
LF-40,生命科学基础实验,32,1,陈颖
ME-61,微机原理与接口技术,48,3,"陈学超,余张国"
ME-62,机器人学（双语）,48,3,"陈学超,李辉"
HS-28,会计学,48,3,陈秀梅
EE-93,信号检测与估计,48,3,陈新亮
OE-27,光电成像原理与技术实验,32,1,"陈小梅,米凤文"
OE-28,视频与光电显示技术A,48,3,陈小梅
EM-59,审计学,48,3,陈宋生
EE-94,微波测量基础,48,3,"陈宁,董李静"
EE-95,现代电子测量技术,32,2,陈宁
MT-53,化学电源测试原理与技术,32,2,"陈楠,陈人杰,赵腾"
ME-63,应力波基础A,64,4,"陈利,张庆明"
MT-54,材料科学基础C,48,3,陈来
EM-60,数据库技术及应用（全英文）,48,3,陈虹枢
EE-96,基于FPGA的数字信号处理系统设计,32,2,陈禾
AS-54,材料力学C,72,4,陈浩森
CE-49,毕业设计（论文）,256,16,陈甫雪
LF-41,生物力学与仿真技术,32,2,陈端端
LF-42,生物力学与仿真技术实验,16,0.5,陈端端
OE-29,液晶与发光材料,32,2,陈冰昆
AT-50,电路分析基础A(英文),56,3.5,柴森春
MT-55,材料科学基础C,48,3,柴春鹏
LW-28,刑法案例研习,32,2,曾粤兴
FL-67,毕业论文,128,8,曾艳
FL-68,高级西班牙语Ⅱ,96,6,曾艳
AT-51,工程经济学,32,2,曾祥远
EE-97,军用信息系统概论,16,1,曾涛
EM-61,微观经济学,48,3,曾春媛
FL-69,汉英笔译,32,2,曹莉
OE-30,光电成像原理与技术,48,3,曹峰梅
MA-26,微积分A II,96,6,"曹春雷,马秀岭"
LW-29,司法制度与法律职业道德,32,2,蔡颖慧
AT-52,传感器与检测技术,40,2.5,蔡涛
AT-53,传感器与检测技术（英文）,40,2.5,蔡涛
EM-62,商务统计软件应用（全英文）,32,2,蔡金阳
AS-55,毕业设计,384,12,毕世华
AS-56,振动基础,48,3,毕世华
FL-70,美国文学,32,2,鲍忠明
MV-85,计算方法（英文）,32,2,白影春
OE-31,毕业设计（论文）,256,8,白廷柱
MV-86,走遍俄罗斯 II,192,9,白萍
LF-43,生物化学（II）,48,3,安宜
HS-29,个案工作,48,3,安芹
HS-30,个案工作实践,32,2,安芹
EM-63,绩效与薪酬管理,32,2,艾凤义
EM-64,人力资源管理,32,2,艾凤义
EM-65,管理信息系统（全英文）,32,2,Young Hoon Chang
EM-66,公司概论（全英文）,64,4,Tew Wai Kin
FL-71,跨文化英语交流II,32,2,SHAUNDA STETSON
IE-08,中级财务管理（全英文）,64,4,Ritesh Khurana
LF-44,神经生物学,32,2,"QING HONG,全贞贞"
FL-72,德语训练坊II,32,1,Patuschka susann eva
EM-67,管理会计（全英文）,64,4,Pak Mei Sen
FL-73,学业英语交流II,32,2,NOEL MANN
HS-31,劳动经济学（全英文）,32,2,Mobinul Huq
FL-74,日本概况,32,2,MATSUDA AYA
FL-75,日本古典文学,32,2,MATSUDA AYA
FL-76,日语会话Ⅱ,32,2,MATSUDA AYA
FL-77,日语写作Ⅲ,32,2,MATSUDA AYA
FL-78,西班牙文学,32,2,LERMA PELAEZ JUAN GONZALO
FL-79,西班牙语报刊阅读,32,2,LERMA PELAEZ JUAN GONZALO
FL-80,西班牙语视听说II,32,2,LERMA PELAEZ JUAN GONZALO
FL-81,应用西班牙语IV,32,0.5,LERMA PELAEZ JUAN GONZALO
FL-82,中国文化概论,32,2,LERMA PELAEZ JUAN GONZALO
ME-64,微系统设计与制造（全英文）,32,2,"Ki Young Song,冯跃"
ME-65,宏微系统流体力学（全英文）,32,2,Ki Young Song
FL-83,高级日语Ⅱ,32,2,KAWAMURA NAOKO
FL-84,日语会话Ⅳ,32,2,KAWAMURA NAOKO
FL-85,日语写作Ⅰ,32,2,KAWAMURA NAOKO
FL-86,时事日语,32,2,KAWAMURA NAOKO
FL-87,德语时事论坛I,32,2,JOERG ULRICH
FL-88,德语学术论文写作,32,2,JOERG ULRICH
FL-89,德语训练坊IV,32,1,JOERG ULRICH
FL-90,德语纸媒分析,32,2,JOERG ULRICH
FL-91,西班牙语口语Ⅰ,32,2,Joan Cortada Moguer
FL-92,西班牙语口语III,32,2,Joan Cortada Moguer
FL-93,西班牙语视听说IV,32,2,Joan Cortada Moguer
FL-94,西班牙语写作II,32,2,Joan Cortada Moguer
FL-95,西班牙语语法I,32,2,Joan Cortada Moguer
EM-68,管理学原理（全英文）,32,2,Issam
CE-50,能源化学工程概论,32,2,"DAVID ROONEY,孙旺"
FL-96,英语口语II,32,2,DANIEL ROLFE
